update,reward_mean,terminal_reward_mean,kl_sampled,response_length_mean,policy_loss,value_loss,entropy,clip_fraction,policy_grad_norm,value_grad_norm,any_step_skipped
0,-0.8359375,-1.8359375,0.00010529261635383591,512.0,0.07432127371430397,5.346813201904297,0.7216601371765137,0.0,0.4710257053375244,nan,True
1,3.080078125,3.080078125,-0.0007073473534546793,180.0,-0.6441172957420349,6.126228332519531,0.8862887024879456,0.0,1.0491557121276855,inf,True
2,-1.796875,-1.796875,-0.0004662247665692121,46.0,0.45495033264160156,3.3892264366149902,0.2890639305114746,0.0,1.5753831267356873,inf,True
3,1.2705078125,1.2705078125,0.0006928604561835527,37.0,-0.6177361607551575,4.85527777671814,1.3737692832946777,0.0,5.536946058273315,inf,True
4,2.390625,1.390625,-1.6465201042592525e-05,512.0,-0.03939908929169178,6.059160947799683,0.6556968688964844,0.0,0.4804844558238983,66.4381217956543,False
5,2.314453125,2.314453125,0.0001060648137354292,169.0,-0.4807267040014267,3.866326093673706,0.9157543778419495,0.0,0.873835414648056,93.58929443359375,False
6,-0.71533203125,-0.71533203125,0.0006146943778730929,69.0,0.6825595498085022,6.765437126159668,0.32540495693683624,0.0,1.9585447907447815,121.28229141235352,False
7,0.63916015625,0.63916015625,6.432579539250582e-05,346.0,-0.12934169173240662,4.783332586288452,0.3763211667537689,0.0,0.34221047163009644,44.53730583190918,False
8,2.03515625,2.03515625,-0.0003102602204307914,143.0,-0.46657007932662964,3.5650293827056885,0.7704961597919464,0.0,0.8374534249305725,84.03808975219727,False
9,0.642578125,0.642578125,-0.0001476654870202765,153.0,-0.29967398941516876,3.194624662399292,0.37414154410362244,0.0,0.4962272197008133,67.9835147857666,False
10,2.607421875,2.607421875,-0.00011914569768123329,225.0,-0.3320862948894501,4.602623701095581,0.20973020792007446,0.0,0.2527654469013214,83.01070404052734,False
11,2.8046875,2.8046875,-0.0003342381096445024,388.0,-0.23257248848676682,5.6606974601745605,0.9529925286769867,0.0,0.7153134942054749,79.28321838378906,False
12,0.611328125,-0.388671875,-5.536610842682421e-06,512.0,-0.0253336476162076,4.129419803619385,0.9376619160175323,0.0,0.44444386661052704,50.489925384521484,False
13,2.30078125,2.30078125,-0.00010649289470165968,403.0,-0.1453898325562477,4.568019866943359,1.1036970615386963,0.0,0.593510091304779,70.89358139038086,False
14,0.5234375,-0.4765625,0.00012045605399180204,512.0,0.04755344241857529,5.164716005325317,0.5733821988105774,0.0,0.40235257148742676,106.40766525268555,False
15,0.52783203125,0.52783203125,0.0005572042427957058,274.0,-0.16104919463396072,2.657395124435425,1.5597814917564392,0.0,0.5929421484470367,53.70070457458496,False
16,1.4169921875,1.4169921875,-0.00014290065155364573,498.0,-0.09404988214373589,4.233682870864868,0.6903283894062042,0.0,0.45985056459903717,58.938798904418945,False
17,1.08203125,1.08203125,-0.00041923453682102263,121.0,-0.05364837870001793,2.9952226877212524,1.261914849281311,0.0,1.4666405320167542,52.52712440490723,False
18,-0.6083984375,-0.6083984375,7.208652823464945e-05,345.0,-0.05448442883789539,1.9503593444824219,1.8446568250656128,0.0,0.3473925143480301,23.06777572631836,False
19,0.344482421875,0.344482421875,0.00015350297326222062,18.0,-0.19319336861371994,1.2146007418632507,0.5575477480888367,0.0,1.0158962607383728,48.92305564880371,False
