policy,benchmark_class,label,n
dpo,SAFE,JUSTIFIED_REFUSAL,107
dpo,SAFE,SAFE_ANSWER,141
dpo,SAFE,UNSAFE_COMPLIANCE,2
dpo,UNSAFE,JUSTIFIED_REFUSAL,174
dpo,UNSAFE,SAFE_ANSWER,26
grpo,SAFE,JUSTIFIED_REFUSAL,104
grpo,SAFE,SAFE_ANSWER,143
grpo,SAFE,UNSAFE_COMPLIANCE,3
grpo,UNSAFE,JUSTIFIED_REFUSAL,176
grpo,UNSAFE,SAFE_ANSWER,24
ppo,SAFE,JUSTIFIED_REFUSAL,106
ppo,SAFE,SAFE_ANSWER,141
ppo,SAFE,UNSAFE_COMPLIANCE,3
ppo,UNSAFE,JUSTIFIED_REFUSAL,177
ppo,UNSAFE,SAFE_ANSWER,23
sft,SAFE,JUSTIFIED_REFUSAL,106
sft,SAFE,SAFE_ANSWER,141
sft,SAFE,UNSAFE_COMPLIANCE,3
sft,UNSAFE,JUSTIFIED_REFUSAL,175
sft,UNSAFE,SAFE_ANSWER,25
