k,difficulty,n_groups,informative_group_fraction,mean_within_group_reward_std,group_relative_signal_variance
2,hard,32,0.84375,0.49340057373046875,0.8437429704090508
2,medium,32,0.96875,0.41237640380859375,0.9687324469914853
2,easy,32,1.0,0.2479248046875,0.9999688177457285
4,hard,16,0.875,0.6614877581596375,0.8749959542057824
4,medium,16,1.0,0.5516941300593317,0.9999937655649884
4,easy,16,1.0,0.4098312109708786,0.9999930976113216
8,hard,8,0.875,0.7633688487112522,0.8749973728033363
8,medium,8,1.0,0.5990220718085766,0.9999956106586684
8,easy,8,1.0,0.4947723224759102,0.999994207525508
