update,reward_mean,within_group_reward_std,uninformative_group_fraction,kl_sampled,kl_penalty_k3,response_length_mean,policy_term,entropy,clip_fraction,ratio_mean,grad_norm,any_step_skipped
0,1.1632843017578125,0.8647153377532959,0.0,-9.973481792258099e-05,1.1456190804892685e-05,456.75,-0.4681524634361267,0.7332061529159546,0.0,1.0003117322921753,0.09366635978221893,False
1,2.485595703125,0.3471575677394867,0.0,8.835415428620763e-06,1.224254083354026e-05,317.75,-0.00014910101890563965,0.9331154823303223,0.0,1.0001249313354492,0.1765870302915573,False
2,0.7249755859375,1.3871970176696777,0.0,2.535717430873774e-05,1.3807763025397435e-05,223.0,-0.00033114850521087646,0.8484265804290771,0.0,0.9999495148658752,0.6828844547271729,False
3,1.5299072265625,0.5154135823249817,0.0,5.575252362177707e-05,1.6916072127060033e-05,65.25,-0.0004119575023651123,1.1089776754379272,0.0,0.9996328353881836,1.0305536985397339,False
4,0.9590544700622559,1.127466082572937,0.0,8.679241000209004e-05,0.0,512.0,0.0,0.0,0.0,0.0,0.0,False
5,2.5595703125,0.6560007333755493,0.0,0.00033140950836241245,1.1373557754268404e-05,294.5,-0.00016266107559204102,0.9863462448120117,0.0,0.9998782277107239,0.1586037427186966,False
6,-1.0059814453125,0.9638209342956543,0.0,0.00011205461487406865,1.4235372873372398e-05,122.0,-0.00013881921768188477,0.648375928401947,0.0,0.9998706579208374,0.44914868474006653,False
7,1.328125,0.2740897834300995,0.0,9.957113798009232e-05,8.401594641327392e-06,347.25,-2.6285648345947266e-05,0.37721365690231323,0.0,1.0001318454742432,0.10698504745960236,False
8,1.7490234375,0.19509997963905334,0.0,0.00039770393050275743,1.425164555257652e-05,170.0,0.00023061037063598633,1.0268253087997437,0.0,0.9999219179153442,0.2533397674560547,False
9,1.869873046875,0.4057070016860962,0.0,8.464473648928106e-05,1.0365247362642549e-05,125.0,0.00018513202667236328,0.5128324031829834,0.0,0.9999797344207764,0.20661307871341705,False
10,2.70947265625,0.04315422847867012,0.0,0.000201863469555974,5.778990271210205e-06,235.25,1.1265277862548828e-05,0.2810114622116089,0.0,1.0000327825546265,0.09635240584611893,False
11,2.51513671875,0.14994210004806519,0.0,0.0003769850009121001,1.4567633115802892e-05,369.75,-0.00016617774963378906,0.919026792049408,0.0,0.9998831152915955,0.14596256613731384,False
12,1.979248046875,0.49764811992645264,0.0,0.00023255312407854944,0.0,512.0,0.0,0.0,0.0,0.0,0.0,False
13,2.81396484375,0.3039585053920746,0.0,-6.453581590903923e-05,1.544404585729353e-05,414.0,2.8252601623535156e-05,1.1847684383392334,0.0,1.0002636909484863,0.1301368623971939,False
14,0.09423065185546875,0.7123032808303833,0.0,9.181111090583727e-05,0.0,512.0,0.0,0.0,0.0,0.0,0.0,False
15,-0.625335693359375,0.2847452759742737,0.0,1.8248078049509786e-05,1.7628201021580026e-05,294.5,3.1113624572753906e-05,1.856600284576416,0.0,1.0003081560134888,0.15241751074790955,False
16,1.979248046875,0.6414850354194641,0.0,0.00021435356757137924,1.0704029591579456e-05,472.25,-0.1960858553647995,0.5443016886711121,0.0,0.9996836185455322,0.12138745933771133,False
17,1.923828125,0.13633981347084045,0.0,0.0001535675546620041,1.5525023627560586e-05,90.0,0.00014066696166992188,1.0651713609695435,0.0,1.000244379043579,0.48224231600761414,False
18,-3.9140625,3.8639438152313232,0.0,0.00018342655675951391,1.6085392417153344e-05,323.25,-0.22306117415428162,1.4667518138885498,0.0,0.9999477863311768,0.16104979813098907,False
19,0.0784912109375,0.3753337264060974,0.0,0.0001090983787435107,8.318159416376147e-06,15.75,0.0008985698223114014,0.5479550957679749,0.0,0.999406099319458,0.7467474341392517,False
